{
  "k3_l2": {
    "k": 3,
    "l": 2,
    "n_trials": 30,
    "metrics": {
      "execution_times": {
        "mean": 0.21533256371815998,
        "std": 0.02808644156321897,
        "ci_lower": 0.19035024642944337,
        "ci_upper": 0.2732173144817351,
        "min": 0.19033503532409668,
        "max": 0.3407008647918701
      },
      "reident_rates": {
        "mean": 0.0,
        "std": 0.0,
        "ci_lower": 0.0,
        "ci_upper": 0.0,
        "min": 0.0,
        "max": 0.0
      },
      "info_losses": {
        "mean": 0.607052257737189,
        "std": 2.220446049250313e-16,
        "ci_lower": 0.6070522577371892,
        "ci_upper": 0.6070522577371892,
        "min": 0.6070522577371892,
        "max": 0.6070522577371892
      },
      "n_eq_classes": {
        "mean": 18.0,
        "std": 0.0,
        "ci_lower": 18.0,
        "ci_upper": 18.0,
        "min": 18.0,
        "max": 18.0
      },
      "avg_class_sizes": {
        "mean": 277.77777777777766,
        "std": 1.1368683772161603e-13,
        "ci_lower": 277.77777777777777,
        "ci_upper": 277.77777777777777,
        "min": 277.77777777777777,
        "max": 277.77777777777777
      },
      "privacy_scores": {
        "mean": 1.0,
        "std": 0.0,
        "ci_lower": 1.0,
        "ci_upper": 1.0,
        "min": 1.0,
        "max": 1.0
      },
      "utility_scores": {
        "mean": 0.3929477422628108,
        "std": 0.0,
        "ci_lower": 0.3929477422628108,
        "ci_upper": 0.3929477422628108,
        "min": 0.3929477422628108,
        "max": 0.3929477422628108
      }
    }
  },
  "k5_l3": {
    "k": 5,
    "l": 3,
    "n_trials": 30,
    "metrics": {
      "execution_times": {
        "mean": 0.21381606260935465,
        "std": 0.016001215612521182,
        "ci_lower": 0.19287875294685364,
        "ci_upper": 0.24073715209960936,
        "min": 0.1904129981994629,
        "max": 0.2550480365753174
      },
      "reident_rates": {
        "mean": 0.0,
        "std": 0.0,
        "ci_lower": 0.0,
        "ci_upper": 0.0,
        "min": 0.0,
        "max": 0.0
      },
      "info_losses": {
        "mean": 0.6298833079654997,
        "std": 0.0,
        "ci_lower": 0.6298833079654997,
        "ci_upper": 0.6298833079654997,
        "min": 0.6298833079654997,
        "max": 0.6298833079654997
      },
      "n_eq_classes": {
        "mean": 8.0,
        "std": 0.0,
        "ci_lower": 8.0,
        "ci_upper": 8.0,
        "min": 8.0,
        "max": 8.0
      },
      "avg_class_sizes": {
        "mean": 625.0,
        "std": 0.0,
        "ci_lower": 625.0,
        "ci_upper": 625.0,
        "min": 625.0,
        "max": 625.0
      },
      "privacy_scores": {
        "mean": 1.0,
        "std": 0.0,
        "ci_lower": 1.0,
        "ci_upper": 1.0,
        "min": 1.0,
        "max": 1.0
      },
      "utility_scores": {
        "mean": 0.37011669203450026,
        "std": 0.0,
        "ci_lower": 0.37011669203450026,
        "ci_upper": 0.37011669203450026,
        "min": 0.37011669203450026,
        "max": 0.37011669203450026
      }
    }
  },
  "k10_l4": {
    "k": 10,
    "l": 4,
    "n_trials": 30,
    "metrics": {
      "execution_times": {
        "mean": 0.21217464605967204,
        "std": 0.01647747115342812,
        "ci_lower": 0.19091060161590576,
        "ci_upper": 0.24063156247138973,
        "min": 0.19075918197631836,
        "max": 0.2603449821472168
      },
      "reident_rates": {
        "mean": 0.0,
        "std": 0.0,
        "ci_lower": 0.0,
        "ci_upper": 0.0,
        "min": 0.0,
        "max": 0.0
      },
      "info_losses": {
        "mean": 0.6298833079654997,
        "std": 0.0,
        "ci_lower": 0.6298833079654997,
        "ci_upper": 0.6298833079654997,
        "min": 0.6298833079654997,
        "max": 0.6298833079654997
      },
      "n_eq_classes": {
        "mean": 8.0,
        "std": 0.0,
        "ci_lower": 8.0,
        "ci_upper": 8.0,
        "min": 8.0,
        "max": 8.0
      },
      "avg_class_sizes": {
        "mean": 625.0,
        "std": 0.0,
        "ci_lower": 625.0,
        "ci_upper": 625.0,
        "min": 625.0,
        "max": 625.0
      },
      "privacy_scores": {
        "mean": 1.0,
        "std": 0.0,
        "ci_lower": 1.0,
        "ci_upper": 1.0,
        "min": 1.0,
        "max": 1.0
      },
      "utility_scores": {
        "mean": 0.37011669203450026,
        "std": 0.0,
        "ci_lower": 0.37011669203450026,
        "ci_upper": 0.37011669203450026,
        "min": 0.37011669203450026,
        "max": 0.37011669203450026
      }
    }
  },
  "k20_l5": {
    "k": 20,
    "l": 5,
    "n_trials": 30,
    "metrics": {
      "execution_times": {
        "mean": 0.21558860143025715,
        "std": 0.022814363801226232,
        "ci_lower": 0.19099117517471315,
        "ci_upper": 0.2604341506958007,
        "min": 0.19058012962341309,
        "max": 0.2895081043243408
      },
      "reident_rates": {
        "mean": 0.0,
        "std": 0.0,
        "ci_lower": 0.0,
        "ci_upper": 0.0,
        "min": 0.0,
        "max": 0.0
      },
      "info_losses": {
        "mean": 0.6298833079654997,
        "std": 0.0,
        "ci_lower": 0.6298833079654997,
        "ci_upper": 0.6298833079654997,
        "min": 0.6298833079654997,
        "max": 0.6298833079654997
      },
      "n_eq_classes": {
        "mean": 8.0,
        "std": 0.0,
        "ci_lower": 8.0,
        "ci_upper": 8.0,
        "min": 8.0,
        "max": 8.0
      },
      "avg_class_sizes": {
        "mean": 625.0,
        "std": 0.0,
        "ci_lower": 625.0,
        "ci_upper": 625.0,
        "min": 625.0,
        "max": 625.0
      },
      "privacy_scores": {
        "mean": 1.0,
        "std": 0.0,
        "ci_lower": 1.0,
        "ci_upper": 1.0,
        "min": 1.0,
        "max": 1.0
      },
      "utility_scores": {
        "mean": 0.37011669203450026,
        "std": 0.0,
        "ci_lower": 0.37011669203450026,
        "ci_upper": 0.37011669203450026,
        "min": 0.37011669203450026,
        "max": 0.37011669203450026
      }
    }
  }
}